0,1,0,5000000000,0.000000
1,0,0,5000000000,0.000000
0,10,0,5000000000,0.000000
10,0,0,5000000000,0.000000
1,2,0,5000000000,0.000000
2,1,0,5000000000,0.000000
1,11,0,5000000000,0.000000
11,1,0,5000000000,0.000000
2,3,0,5000000000,0.000000
3,2,0,5000000000,0.000000
2,12,0,500000000,0.001043
2,12,500000000,1000000000,0.006307
2,12,1000000000,1500000000,0.008986
2,12,1500000000,5000000000,0.000000
12,2,0,500000000,0.055245
12,2,500000000,1000000000,0.365045
12,2,1000000000,1500000000,0.431316
12,2,1500000000,5000000000,0.000000
3,4,0,5000000000,0.000000
4,3,0,5000000000,0.000000
3,13,0,5000000000,0.000000
13,3,0,5000000000,0.000000
4,5,0,5000000000,0.000000
5,4,0,5000000000,0.000000
4,14,0,5000000000,0.000000
14,4,0,5000000000,0.000000
5,6,0,5000000000,0.000000
6,5,0,5000000000,0.000000
5,15,0,5000000000,0.000000
15,5,0,5000000000,0.000000
6,7,0,5000000000,0.000000
7,6,0,5000000000,0.000000
6,16,0,5000000000,0.000000
16,6,0,5000000000,0.000000
7,8,0,5000000000,0.000000
8,7,0,5000000000,0.000000
7,17,0,5000000000,0.000000
17,7,0,5000000000,0.000000
8,9,0,5000000000,0.000000
9,8,0,5000000000,0.000000
8,18,0,5000000000,0.000000
18,8,0,5000000000,0.000000
0,9,0,5000000000,0.000000
9,0,0,5000000000,0.000000
9,19,0,5000000000,0.000000
19,9,0,5000000000,0.000000
10,11,0,5000000000,0.000000
11,10,0,5000000000,0.000000
10,20,0,5000000000,0.000000
20,10,0,5000000000,0.000000
11,12,0,5000000000,0.000000
12,11,0,5000000000,0.000000
11,21,0,5000000000,0.000000
21,11,0,5000000000,0.000000
12,13,0,5000000000,0.000000
13,12,0,5000000000,0.000000
12,22,0,500000000,0.000525
12,22,500000000,1000000000,0.006048
12,22,1000000000,1500000000,0.009763
12,22,1500000000,5000000000,0.000000
22,12,0,500000000,0.055245
22,12,500000000,1000000000,0.371692
22,12,1000000000,1500000000,0.424668
22,12,1500000000,5000000000,0.000000
13,14,0,5000000000,0.000000
14,13,0,5000000000,0.000000
13,23,0,5000000000,0.000000
23,13,0,5000000000,0.000000
14,15,0,5000000000,0.000000
15,14,0,5000000000,0.000000
14,24,0,5000000000,0.000000
24,14,0,5000000000,0.000000
15,16,0,5000000000,0.000000
16,15,0,5000000000,0.000000
15,25,0,5000000000,0.000000
25,15,0,5000000000,0.000000
16,17,0,5000000000,0.000000
17,16,0,5000000000,0.000000
16,26,0,5000000000,0.000000
26,16,0,5000000000,0.000000
17,18,0,5000000000,0.000000
18,17,0,5000000000,0.000000
17,27,0,5000000000,0.000000
27,17,0,5000000000,0.000000
18,19,0,5000000000,0.000000
19,18,0,5000000000,0.000000
18,28,0,5000000000,0.000000
28,18,0,5000000000,0.000000
10,19,0,5000000000,0.000000
19,10,0,5000000000,0.000000
19,29,0,5000000000,0.000000
29,19,0,5000000000,0.000000
20,21,0,5000000000,0.000000
21,20,0,5000000000,0.000000
20,30,0,5000000000,0.000000
30,20,0,5000000000,0.000000
21,22,0,5000000000,0.000000
22,21,0,5000000000,0.000000
21,31,0,5000000000,0.000000
31,21,0,5000000000,0.000000
22,23,0,500000000,0.000525
22,23,500000000,1000000000,0.005789
22,23,1000000000,1500000000,0.010022
22,23,1500000000,5000000000,0.000000
23,22,0,500000000,0.055245
23,22,500000000,1000000000,0.392342
23,22,1000000000,1500000000,0.404019
23,22,1500000000,5000000000,0.000000
22,32,0,500000000,0.000352
22,32,500000000,1000000000,0.003110
22,32,1000000000,1500000000,0.010627
22,32,1500000000,2000000000,0.002246
22,32,2000000000,5000000000,0.000000
32,22,0,500000000,0.023123
32,22,500000000,1000000000,0.156019
32,22,1000000000,1500000000,0.608816
32,22,1500000000,2000000000,0.063647
32,22,2000000000,5000000000,0.000000
23,24,0,5000000000,0.000000
24,23,0,5000000000,0.000000
23,33,0,5000000000,0.000000
33,23,0,5000000000,0.000000
24,25,0,5000000000,0.000000
25,24,0,5000000000,0.000000
24,34,0,5000000000,0.000000
34,24,0,5000000000,0.000000
25,26,0,5000000000,0.000000
26,25,0,5000000000,0.000000
25,35,0,5000000000,0.000000
35,25,0,5000000000,0.000000
26,27,0,5000000000,0.000000
27,26,0,5000000000,0.000000
26,36,0,5000000000,0.000000
36,26,0,5000000000,0.000000
27,28,0,5000000000,0.000000
28,27,0,5000000000,0.000000
27,37,0,5000000000,0.000000
37,27,0,5000000000,0.000000
28,29,0,5000000000,0.000000
29,28,0,5000000000,0.000000
28,38,0,5000000000,0.000000
38,28,0,5000000000,0.000000
20,29,0,5000000000,0.000000
29,20,0,5000000000,0.000000
29,39,0,5000000000,0.000000
39,29,0,5000000000,0.000000
30,31,0,500000000,0.023123
30,31,500000000,1000000000,0.207062
30,31,1000000000,1500000000,0.621334
30,31,1500000000,2000000000,0.000086
30,31,2000000000,5000000000,0.000000
31,30,0,500000000,0.000093
31,30,500000000,1000000000,0.003283
31,30,1000000000,1500000000,0.009504
31,30,1500000000,2000000000,0.003456
31,30,2000000000,5000000000,0.000000
30,40,0,5000000000,0.000000
40,30,0,5000000000,0.000000
31,32,0,500000000,0.046246
31,32,500000000,1000000000,0.741119
31,32,1000000000,1500000000,0.886555
31,32,1500000000,2000000000,0.029290
31,32,2000000000,5000000000,0.000000
32,31,0,500000000,0.000186
32,31,500000000,1000000000,0.013478
32,31,1000000000,1500000000,0.015984
32,31,1500000000,2000000000,0.003024
32,31,2000000000,5000000000,0.000000
31,41,0,5000000000,0.000000
41,31,0,5000000000,0.000000
32,33,0,500000000,0.000000
32,33,500000000,1000000000,0.023123
32,33,1000000000,1500000000,0.156019
32,33,1500000000,2000000000,0.246793
32,33,2000000000,5000000000,0.000000
33,32,0,500000000,0.000000
33,32,500000000,1000000000,0.000093
33,32,1000000000,1500000000,0.001987
33,32,1500000000,2000000000,0.006221
33,32,2000000000,5000000000,0.000000
32,42,0,500000000,0.023123
32,42,500000000,1000000000,0.550743
32,42,1000000000,1500000000,0.277739
32,42,1500000000,5000000000,0.000000
42,32,0,500000000,0.000266
42,32,500000000,1000000000,0.010282
42,32,1000000000,1500000000,0.005789
42,32,1500000000,5000000000,0.000000
33,34,0,500000000,0.000000
33,34,500000000,1000000000,0.023123
33,34,1000000000,1500000000,0.156019
33,34,1500000000,2000000000,0.246793
33,34,2000000000,5000000000,0.000000
34,33,0,500000000,0.000000
34,33,500000000,1000000000,0.000093
34,33,1000000000,1500000000,0.001987
34,33,1500000000,2000000000,0.006221
34,33,2000000000,5000000000,0.000000
33,43,0,5000000000,0.000000
43,33,0,5000000000,0.000000
34,35,0,500000000,0.000000
34,35,500000000,1000000000,0.023123
34,35,1000000000,1500000000,0.156019
34,35,1500000000,2000000000,0.246793
34,35,2000000000,5000000000,0.000000
35,34,0,500000000,0.000000
35,34,500000000,1000000000,0.000093
35,34,1000000000,1500000000,0.001987
35,34,1500000000,2000000000,0.006221
35,34,2000000000,5000000000,0.000000
34,44,0,5000000000,0.000000
44,34,0,5000000000,0.000000
35,36,0,500000000,0.000000
35,36,500000000,1000000000,0.001512
35,36,1000000000,1500000000,0.177630
35,36,1500000000,2000000000,0.246793
35,36,2000000000,5000000000,0.000000
36,35,0,500000000,0.000000
36,35,500000000,1000000000,0.000093
36,35,1000000000,1500000000,0.002140
36,35,1500000000,2000000000,0.006068
36,35,2000000000,5000000000,0.000000
35,45,0,5000000000,0.000000
45,35,0,5000000000,0.000000
36,37,0,5000000000,0.000000
37,36,0,5000000000,0.000000
36,46,0,5000000000,0.000000
46,36,0,5000000000,0.000000
37,38,0,5000000000,0.000000
38,37,0,5000000000,0.000000
37,47,0,5000000000,0.000000
47,37,0,5000000000,0.000000
38,39,0,5000000000,0.000000
39,38,0,5000000000,0.000000
38,48,0,5000000000,0.000000
48,38,0,5000000000,0.000000
30,39,0,5000000000,0.000000
39,30,0,5000000000,0.000000
39,49,0,5000000000,0.000000
49,39,0,5000000000,0.000000
40,41,0,5000000000,0.000000
41,40,0,5000000000,0.000000
40,50,0,5000000000,0.000000
50,40,0,5000000000,0.000000
41,42,0,500000000,0.103427
41,42,500000000,1000000000,0.322422
41,42,1000000000,1500000000,0.000086
41,42,1500000000,5000000000,0.000000
42,41,0,500000000,0.001130
42,41,500000000,1000000000,0.007171
42,41,1000000000,5000000000,0.000000
41,51,0,5000000000,0.000000
51,41,0,5000000000,0.000000
42,43,0,500000000,0.103427
42,43,500000000,1000000000,0.322422
42,43,1000000000,1500000000,0.000086
42,43,1500000000,5000000000,0.000000
43,42,0,500000000,0.001130
43,42,500000000,1000000000,0.007171
43,42,1000000000,5000000000,0.000000
42,52,0,5000000000,0.000000
52,42,0,5000000000,0.000000
43,44,0,5000000000,0.000000
44,43,0,5000000000,0.000000
43,53,0,5000000000,0.000000
53,43,0,5000000000,0.000000
44,45,0,5000000000,0.000000
45,44,0,5000000000,0.000000
44,54,0,5000000000,0.000000
54,44,0,5000000000,0.000000
45,46,0,5000000000,0.000000
46,45,0,5000000000,0.000000
45,55,0,5000000000,0.000000
55,45,0,5000000000,0.000000
46,47,0,5000000000,0.000000
47,46,0,5000000000,0.000000
46,56,0,5000000000,0.000000
56,46,0,5000000000,0.000000
47,48,0,5000000000,0.000000
48,47,0,5000000000,0.000000
47,57,0,5000000000,0.000000
57,47,0,5000000000,0.000000
48,49,0,5000000000,0.000000
49,48,0,5000000000,0.000000
48,58,0,5000000000,0.000000
58,48,0,5000000000,0.000000
40,49,0,5000000000,0.000000
49,40,0,5000000000,0.000000
49,59,0,5000000000,0.000000
59,49,0,5000000000,0.000000
50,51,0,5000000000,0.000000
51,50,0,5000000000,0.000000
0,50,0,5000000000,0.000000
50,0,0,5000000000,0.000000
51,52,0,5000000000,0.000000
52,51,0,5000000000,0.000000
1,51,0,5000000000,0.000000
51,1,0,5000000000,0.000000
52,53,0,5000000000,0.000000
53,52,0,5000000000,0.000000
2,52,0,5000000000,0.000000
52,2,0,5000000000,0.000000
53,54,0,5000000000,0.000000
54,53,0,5000000000,0.000000
3,53,0,5000000000,0.000000
53,3,0,5000000000,0.000000
54,55,0,5000000000,0.000000
55,54,0,5000000000,0.000000
4,54,0,5000000000,0.000000
54,4,0,5000000000,0.000000
55,56,0,5000000000,0.000000
56,55,0,5000000000,0.000000
5,55,0,5000000000,0.000000
55,5,0,5000000000,0.000000
56,57,0,5000000000,0.000000
57,56,0,5000000000,0.000000
6,56,0,5000000000,0.000000
56,6,0,5000000000,0.000000
57,58,0,5000000000,0.000000
58,57,0,5000000000,0.000000
7,57,0,5000000000,0.000000
57,7,0,5000000000,0.000000
58,59,0,5000000000,0.000000
59,58,0,5000000000,0.000000
8,58,0,5000000000,0.000000
58,8,0,5000000000,0.000000
50,59,0,5000000000,0.000000
59,50,0,5000000000,0.000000
9,59,0,5000000000,0.000000
59,9,0,5000000000,0.000000
